obs,conductivity_millisiemens,conductivity_millisiemens_qc_executed,conductivity_millisiemens_qc_results,density,density_qc_executed,density_qc_results,deployment,dpc_ctd_seawater_conductivity,dpc_ctd_seawater_conductivity_qc_executed,dpc_ctd_seawater_conductivity_qc_results,driver_timestamp,ingestion_timestamp,internal_timestamp,lat,lon,port_timestamp,practical_salinity,practical_salinity_qc_executed,practical_salinity_qc_results,preferred_timestamp,pressure,pressure_qc_executed,pressure_qc_results,raw_time_microseconds,raw_time_seconds,temp,temp_qc_executed,temp_qc_results,time
"('0',)",31.2602005005,1,0,1038.09250166,29,21,2,3.12602005005,29,5,3746540943.73,3746540943.83,3652646406.9,44.52757,-125.38075,0.0,34.6232915,29,21,internal_timestamp,2255.75,29,21,904105,1443657606,1.79120004177,29,29,3652646406.9
"('1',)",31.261100769,1,0,1038.10639042,29,21,2,3.1261100769,29,5,3746540943.73,3746540943.83,3652646417.9,44.52757,-125.38075,0.0,34.6233378973,29,21,internal_timestamp,2258.82006836,29,21,897047,1443657617,1.7907999754,29,29,3652646417.9
"('2',)",31.2616996765,1,0,1038.12018082,29,21,2,3.12616996765,29,5,3746540943.73,3746540943.83,3652646428.9,44.52757,-125.38075,0.0,34.623226916,29,21,internal_timestamp,2261.88989258,29,21,901691,1443657628,1.79019999504,29,29,3652646428.9
"('3',)",31.2628002167,1,0,1038.13426205,29,21,2,3.12628002167,29,5,3746540943.73,3746540943.83,3652646439.9,44.52757,-125.38075,0.0,34.6235208671,29,21,internal_timestamp,2264.95996094,29,21,903755,1443657639,1.78980004787,29,29,3652646439.9
"('4',)",31.263299942,1,0,1038.14879229,29,21,2,3.1263299942,29,5,3746540943.73,3746540943.83,3652646450.91,44.52757,-125.38075,0.0,34.624255825,29,21,internal_timestamp,2268.02001953,29,21,906919,1443657650,1.78830003738,29,29,3652646450.91
"('5',)",31.2628993988,1,0,1038.16284101,29,21,2,3.12628993988,29,5,3746540943.73,3746540943.83,3652646461.91,44.52757,-125.38075,0.0,34.6243086847,29,21,internal_timestamp,2271.08007812,29,21,909070,1443657661,1.78639996052,29,29,3652646461.91
"('6',)",31.2637004852,1,0,1038.17649129,29,21,2,3.12637004852,29,5,3746540943.73,3746540943.83,3652646472.9,44.52757,-125.38075,0.0,34.6241322275,29,21,internal_timestamp,2274.13989258,29,21,901871,1443657672,1.78610002995,29,29,3652646472.9
"('7',)",31.2646007538,1,0,1038.19057152,29,21,2,3.12646007538,29,5,3746540943.73,3746540943.83,3652646483.91,44.52757,-125.38075,0.0,34.6243944514,29,21,internal_timestamp,2277.20996094,29,21,907701,1443657683,1.78550004959,29,29,3652646483.91
"('8',)",31.2656002045,1,0,1038.20420729,29,21,2,3.12656002045,29,5,3746540943.73,3746540943.83,3652646494.91,44.52757,-125.38075,0.0,34.6244876118,29,21,internal_timestamp,2280.2199707,29,21,911134,1443657694,1.78519999981,29,29,3652646494.91
"('9',)",31.2661991119,1,0,1038.21829675,29,21,2,3.12661991119,29,5,3746540943.73,3746540943.83,3652646505.9,44.52757,-125.38075,0.0,34.624461508,29,21,internal_timestamp,2283.34008789,29,21,904871,1443657705,1.78450000286,29,29,3652646505.9
"('10',)",31.2665996552,1,0,1038.23268449,29,21,2,3.12665996552,29,5,3746540943.73,3746540943.83,3652646516.91,44.52757,-125.38075,0.0,34.6250809847,29,21,internal_timestamp,2286.38989258,29,21,910363,1443657716,1.78299999237,29,29,3652646516.91
"('11',)",31.2667999268,1,0,1038.24654545,29,21,2,3.12667999268,29,5,3746540943.73,3746540943.83,3652646527.91,44.52757,-125.38075,0.0,34.6251375221,29,21,internal_timestamp,2289.42993164,29,21,914542,1443657727,1.78180003166,29,29,3652646527.91
"('12',)",31.26720047,1,0,1038.26088776,29,21,2,3.126720047,29,5,3746540943.73,3746540943.83,3652646538.91,44.52757,-125.38075,0.0,34.6254075427,29,21,internal_timestamp,2292.54003906,29,21,909070,1443657738,1.78059995174,29,29,3652646538.91
"('13',)",31.2674007416,1,0,1038.2752199,29,21,2,3.12674007416,29,5,3746540943.73,3746540943.83,3652646549.93,44.52757,-125.38075,0.0,34.6258828391,29,21,internal_timestamp,2295.60009766,29,21,927356,1443657749,1.77900004387,29,29,3652646549.93
"('14',)",31.267999649,1,0,1038.28900259,29,21,2,3.1267999649,29,5,3746540943.73,3746540943.83,3652646560.91,44.52757,-125.38075,0.0,34.6257758701,29,21,internal_timestamp,2298.66992188,29,21,913090,1443657760,1.77839994431,29,29,3652646560.91
"('15',)",31.2691993713,1,0,1038.30287915,29,21,2,3.12691993713,29,5,3746540943.73,3746540943.83,3652646571.92,44.52757,-125.38075,0.0,34.6258750787,29,21,internal_timestamp,2301.73999023,29,21,916640,1443657771,1.77830004692,29,29,3652646571.92
"('16',)",31.2702007294,1,0,1038.3166045,29,21,2,3.12702007294,29,5,3746540943.73,3746540943.83,3652646582.91,44.52757,-125.38075,0.0,34.6257252527,29,21,internal_timestamp,2304.82006836,29,21,910207,1443657782,1.77820003033,29,29,3652646582.91
"('17',)",31.2703990936,1,0,1038.33104561,29,21,2,3.12703990936,29,5,3746540943.73,3746540943.83,3652646593.91,44.52757,-125.38075,0.0,34.6264232425,29,21,internal_timestamp,2307.86010742,29,21,914391,1443657793,1.77639997005,29,29,3652646593.91
"('18',)",31.2714004517,1,0,1038.34521512,29,21,2,3.12714004517,29,5,3746540943.73,3746540943.83,3652646604.92,44.52757,-125.38075,0.0,34.6268138131,29,21,internal_timestamp,2310.92993164,29,21,915287,1443657804,1.7757999897,29,29,3652646604.92
"('19',)",31.2716007233,1,0,1038.35940572,29,21,2,3.12716007233,29,5,3746540943.73,3746540943.83,3652646615.92,44.52757,-125.38075,0.0,34.6271889873,29,21,internal_timestamp,2313.97998047,29,21,919051,1443657815,1.77429997921,29,29,3652646615.92
"('20',)",31.2716007233,1,0,1038.37318128,29,21,2,3.12716007233,29,5,3746540943.73,3746540943.83,3652646626.92,44.52757,-125.38075,0.0,34.6272250121,29,21,internal_timestamp,2317.0,29,21,922780,1443657826,1.77289998531,29,29,3652646626.92
"('21',)",31.2723999023,1,0,1038.38719583,29,21,2,3.12723999023,29,5,3746540943.73,3746540943.83,3652646637.92,44.52757,-125.38075,0.0,34.6273622266,29,21,internal_timestamp,2320.08007812,29,21,917977,1443657837,1.77230000496,29,29,3652646637.92
"('22',)",31.2730998993,1,0,1038.40079447,29,21,2,3.12730998993,29,5,3746540943.73,3746540943.83,3652646648.91,44.52757,-125.38075,0.0,34.6271781329,29,21,internal_timestamp,2323.12988281,29,21,914496,1443657848,1.77190005779,29,29,3652646648.91
"('23',)",31.2742996216,1,0,1038.41477929,29,21,2,3.12742996216,29,5,3746540943.73,3746540943.83,3652646659.92,44.52757,-125.38075,0.0,34.6275037147,29,21,internal_timestamp,2326.17993164,29,21,917705,1443657859,1.77160000801,29,29,3652646659.92
"('24',)",31.2752990723,1,0,1038.42835952,29,21,2,3.12752990723,29,5,3746540943.73,3746540943.83,3652646670.92,44.52757,-125.38075,0.0,34.6272520331,29,21,internal_timestamp,2329.25,29,21,921583,1443657870,1.77160000801,29,29,3652646670.92
"('25',)",31.2765007019,1,0,1038.44250945,29,21,2,3.12765007019,29,5,3746540943.73,3746540943.83,3652646681.93,44.52757,-125.38075,0.0,34.6275612626,29,21,internal_timestamp,2332.34008789,29,21,925812,1443657881,1.77129995823,29,29,3652646681.93
"('26',)",31.2777004242,1,0,1038.4562552,29,21,2,3.12777004242,29,5,3746540943.73,3746540943.84,3652646692.92,44.52757,-125.38075,0.0,34.6276788323,29,21,internal_timestamp,2335.37988281,29,21,919507,1443657892,1.77119994164,29,29,3652646692.92
"('27',)",31.2786006927,1,0,1038.47015835,29,21,2,3.12786006927,29,5,3746540943.73,3746540943.84,3652646703.92,44.52757,-125.38075,0.0,34.6279668587,29,21,internal_timestamp,2338.40991211,29,21,922118,1443657903,1.77059996128,29,29,3652646703.92
"('28',)",31.2791996002,1,0,1038.48375434,29,21,2,3.12791996002,29,5,3746540943.73,3746540943.84,3652646714.92,44.52757,-125.38075,0.0,34.6277669432,29,21,internal_timestamp,2341.45996094,29,21,924740,1443657914,1.77009999752,29,29,3652646714.92
"('29',)",31.2800006866,1,0,1038.49768386,29,21,2,3.12800006866,29,5,3746540943.73,3746540943.84,3652646725.93,44.52757,-125.38075,0.0,34.6279188014,29,21,internal_timestamp,2344.52001953,29,21,927531,1443657925,1.76950001717,29,29,3652646725.93
"('30',)",31.2810001373,1,0,1038.51158364,29,21,2,3.12810001373,29,5,3746540943.73,3746540943.84,3652646736.92,44.52757,-125.38075,0.0,34.6282231275,29,21,internal_timestamp,2347.55004883,29,21,920499,1443657936,1.76900005341,29,29,3652646736.92
"('31',)",31.2823009491,1,0,1038.52519846,29,21,2,3.12823009491,29,5,3746540943.73,3746540943.84,3652646747.92,44.52757,-125.38075,0.0,34.628019952,29,21,internal_timestamp,2350.62988281,29,21,924529,1443657947,1.76929998398,29,29,3652646747.92
"('32',)",31.2835006714,1,0,1038.5389827,29,21,2,3.12835006714,29,5,3746540943.73,3746540943.84,3652646758.93,44.52757,-125.38075,0.0,34.6281345259,29,21,internal_timestamp,2353.67993164,29,21,928184,1443657958,1.76919996738,29,29,3652646758.93
"('33',)",31.2847995758,1,0,1038.55272348,29,21,2,3.12847995758,29,5,3746540943.73,3746540943.84,3652646769.93,44.52757,-125.38075,0.0,34.6282695978,29,21,internal_timestamp,2356.7199707,29,21,930787,1443657969,1.76919996738,29,29,3652646769.93
"('34',)",31.2858009338,1,0,1038.56641223,29,21,2,3.12858009338,29,5,3746540943.73,3746540943.84,3652646780.93,44.52757,-125.38075,0.0,34.6282470608,29,21,internal_timestamp,2359.77001953,29,21,933932,1443657980,1.76900005341,29,29,3652646780.93
"('35',)",31.2861995697,1,0,1038.58056533,29,21,2,3.12861995697,29,5,3746540943.73,3746540943.84,3652646791.93,44.52757,-125.38075,0.0,34.6287793878,29,21,internal_timestamp,2362.79003906,29,21,925250,1443657991,1.76760005951,29,29,3652646791.93
"('36',)",31.2870006561,1,0,1038.5943676,29,21,2,3.12870006561,29,5,3746540943.73,3746540943.84,3652646802.93,44.52757,-125.38075,0.0,34.6289481109,29,21,internal_timestamp,2365.82006836,29,21,927783,1443658002,1.76699995995,29,29,3652646802.93
"('37',)",31.2880992889,1,0,1038.60817347,29,21,2,3.12880992889,29,5,3746540943.73,3746540943.84,3652646813.93,44.52757,-125.38075,0.0,34.6289253054,29,21,internal_timestamp,2368.89990234,29,21,931035,1443658013,1.76689994335,29,29,3652646813.93
"('38',)",31.2879009247,1,0,1038.62279059,29,21,2,3.12879009247,29,5,3746540943.73,3746540943.84,3652646824.94,44.52757,-125.38075,0.0,34.6296654089,29,21,internal_timestamp,2371.95996094,29,21,936007,1443658024,1.76460003853,29,29,3652646824.94
"('39',)",31.2880992889,1,0,1038.63675869,29,21,2,3.12880992889,29,5,3746540943.73,3746540943.84,3652646835.94,44.52757,-125.38075,0.0,34.6297141736,29,21,internal_timestamp,2375.0300293,29,21,937751,1443658035,1.76339995861,29,29,3652646835.94
"('40',)",31.2887001038,1,0,1038.65033952,29,21,2,3.12887001038,29,5,3746540943.73,3746540943.84,3652646846.94,44.52757,-125.38075,0.0,34.6297585089,29,21,internal_timestamp,2378.0300293,29,21,939656,1443658046,1.76269996166,29,29,3652646846.94
"('41',)",31.2900009155,1,0,1038.66420078,29,21,2,3.12900009155,29,5,3746540943.73,3746540943.84,3652646857.93,44.52757,-125.38075,0.0,34.6298840454,29,21,internal_timestamp,2381.10009766,29,21,932703,1443658057,1.76269996166,29,29,3652646857.93
"('42',)",31.2912006378,1,0,1038.67800383,29,21,2,3.12912006378,29,5,3746540943.73,3746540943.84,3652646868.94,44.52757,-125.38075,0.0,34.6298805774,29,21,internal_timestamp,2384.17993164,29,21,936018,1443658068,1.76269996166,29,29,3652646868.94
"('43',)",31.2924995422,1,0,1038.69169758,29,21,2,3.12924995422,29,5,3746540943.73,3746540943.84,3652646879.94,44.52757,-125.38075,0.0,34.6300236923,29,21,internal_timestamp,2387.20996094,29,21,938966,1443658079,1.76269996166,29,29,3652646879.94
"('44',)",31.293800354,1,0,1038.70526412,29,21,2,3.1293800354,29,5,3746540943.73,3746540943.84,3652646890.94,44.52757,-125.38075,0.0,34.6298294366,29,21,internal_timestamp,2390.2800293,29,21,942739,1443658090,1.76300001144,29,29,3652646890.94
"('45',)",31.2942008972,1,0,1038.71939849,29,21,2,3.12942008972,29,5,3746540943.73,3746540943.84,3652646901.93,44.52757,-125.38075,0.0,34.6302506495,29,21,internal_timestamp,2393.32006836,29,21,934405,1443658101,1.76170003414,29,29,3652646901.93
"('46',)",31.2942008972,1,0,1038.73339722,29,21,2,3.12942008972,29,5,3746540943.73,3746540943.84,3652646912.94,44.52757,-125.38075,0.0,34.6305039603,29,21,internal_timestamp,2396.35009766,29,21,936181,1443658112,1.76010000706,29,29,3652646912.94
"('47',)",31.2956008911,1,0,1038.74693352,29,21,2,3.12956008911,29,5,3746540943.73,3746540943.84,3652646923.94,44.52757,-125.38075,0.0,34.6304475199,29,21,internal_timestamp,2399.38989258,29,21,940350,1443658123,1.76040005684,29,29,3652646923.94
"('48',)",31.295999527,1,0,1038.76102357,29,21,2,3.1295999527,29,5,3746540943.73,3746540943.84,3652646934.94,44.52757,-125.38075,0.0,34.630872251,29,21,internal_timestamp,2402.41992188,29,21,943190,1443658134,1.75909996033,29,29,3652646934.94
"('49',)",31.2961997986,1,0,1038.77529633,29,21,2,3.12961997986,29,5,3746540943.73,3746540943.84,3652646945.94,44.52757,-125.38075,0.0,34.6313636359,29,21,internal_timestamp,2405.4699707,29,21,937791,1443658145,1.75750005245,29,29,3652646945.94
"('50',)",31.2964000702,1,0,1038.78882902,29,21,2,3.12964000702,29,5,3746540943.73,3746540943.85,3652646956.94,44.52757,-125.38075,0.0,34.6309954004,29,21,internal_timestamp,2408.5300293,29,21,942856,1443658156,1.75670003891,29,29,3652646956.94
"('51',)",31.2968006134,1,0,1038.80292962,29,21,2,3.12968006134,29,5,3746540943.73,3746540943.85,3652646967.95,44.52757,-125.38075,0.0,34.6311855272,29,21,internal_timestamp,2411.61010742,29,21,947041,1443658167,1.75559997559,29,29,3652646967.95
"('52',)",31.2975997925,1,0,1038.81701304,29,21,2,3.12975997925,29,5,3746540943.73,3746540943.85,3652646978.94,44.52757,-125.38075,0.0,34.6316777302,29,21,internal_timestamp,2414.63989258,29,21,942064,1443658178,1.75469994545,29,29,3652646978.94
"('53',)",31.2989006042,1,0,1038.83068736,29,21,2,3.12989006042,29,5,3746540943.73,3746540943.85,3652646989.95,44.52757,-125.38075,0.0,34.6317098769,29,21,internal_timestamp,2417.68994141,29,21,947480,1443658189,1.75479996204,29,29,3652646989.95
"('54',)",31.2996997833,1,0,1038.84480636,29,21,2,3.12996997833,29,5,3746540943.73,3746540943.85,3652647000.95,44.52757,-125.38075,0.0,34.6318434045,29,21,internal_timestamp,2420.80004883,29,21,949858,1443658200,1.75419998169,29,29,3652647000.95
"('55',)",31.3008995056,1,0,1038.85861813,29,21,2,3.13008995056,29,5,3746540943.73,3746540943.85,3652647011.94,44.52757,-125.38075,0.0,34.6319606162,29,21,internal_timestamp,2423.86010742,29,21,943717,1443658211,1.7540999651,29,29,3652647011.94
"('56',)",31.300699234,1,0,1038.87285917,29,21,2,3.1300699234,29,5,3746540943.73,3746540943.85,3652647022.95,44.52757,-125.38075,0.0,34.6321551483,29,21,internal_timestamp,2426.94995117,29,21,948288,1443658222,1.75230002403,29,29,3652647022.95
"('57',)",31.3015003204,1,0,1038.88700933,29,21,2,3.13015003204,29,5,3746540943.73,3746540943.85,3652647033.95,44.52757,-125.38075,0.0,34.6325250409,29,21,internal_timestamp,2430.02001953,29,21,953469,1443658233,1.75150001049,29,29,3652647033.95
"('58',)",31.3019008636,1,0,1038.9009675,29,21,2,3.13019008636,29,5,3746540943.73,3746540943.85,3652647044.95,44.52757,-125.38075,0.0,34.6326153101,29,21,internal_timestamp,2433.09008789,29,21,947315,1443658244,1.75049996376,29,29,3652647044.95
"('59',)",31.3027000427,1,0,1038.91482079,29,21,2,3.13027000427,29,5,3746540943.73,3746540943.85,3652647055.95,44.52757,-125.38075,0.0,34.6326628879,29,21,internal_timestamp,2436.15991211,29,21,952933,1443658255,1.75,29,29,3652647055.95
"('60',)",31.3036994934,1,0,1038.92892444,29,21,2,3.13036994934,29,5,3746540943.73,3746540943.8,3652647066.95,44.52757,-125.38075,0.0,34.6330692529,29,21,internal_timestamp,2439.2199707,29,21,947290,1443658266,1.74940001965,29,29,3652647066.95
"('61',)",31.3043003082,1,0,1038.9427148,29,21,2,3.13043003082,29,5,3746540943.73,3746540943.8,3652647077.95,44.52757,-125.38075,0.0,34.633212741,29,21,internal_timestamp,2442.25,29,21,951706,1443658277,1.7486000061,29,29,3652647077.95
"('62',)",31.3048992157,1,0,1038.95648726,29,21,2,3.13048992157,29,5,3746540943.73,3746540943.8,3652647088.96,44.52757,-125.38075,0.0,34.6332376983,29,21,internal_timestamp,2445.30004883,29,21,957721,1443658288,1.74790000916,29,29,3652647088.96
"('63',)",31.3052997589,1,0,1038.97048283,29,21,2,3.13052997589,29,5,3746540943.73,3746540943.8,3652647099.95,44.52757,-125.38075,0.0,34.6333248928,29,21,internal_timestamp,2448.37988281,29,21,952373,1443658299,1.74689996243,29,29,3652647099.95
"('64',)",31.3057994843,1,0,1038.9844669,29,21,2,3.13057994843,29,5,3746540943.73,3746540943.8,3652647110.96,44.52757,-125.38075,0.0,34.6336652903,29,21,internal_timestamp,2451.40991211,29,21,959481,1443658310,1.74580001831,29,29,3652647110.96
"('65',)",31.3071994781,1,0,1038.99849168,29,21,2,3.13071994781,29,5,3746540943.73,3746540943.8,3652647121.95,44.52757,-125.38075,0.0,34.6339113363,29,21,internal_timestamp,2454.5,29,21,954327,1443658321,1.74580001831,29,29,3652647121.95
"('66',)",31.3082008362,1,0,1039.01196685,29,21,2,3.13082008362,29,5,3746540943.73,3746540943.8,3652647132.96,44.52757,-125.38075,0.0,34.6336855145,29,21,internal_timestamp,2457.55004883,29,21,959902,1443658332,1.74580001831,29,29,3652647132.96
"('67',)",31.3092002869,1,0,1039.0255528,29,21,2,3.13092002869,29,5,3746540943.73,3746540943.8,3652647143.96,44.52757,-125.38075,0.0,34.633681045,29,21,internal_timestamp,2460.58007812,29,21,956302,1443658343,1.74559998512,29,29,3652647143.96
"('68',)",31.3101997375,1,0,1039.03957866,29,21,2,3.13101997375,29,5,3746540943.73,3746540943.8,3652647154.96,44.52757,-125.38075,0.0,34.6338619318,29,21,internal_timestamp,2463.66992188,29,21,961653,1443658354,1.74520003796,29,29,3652647154.96
"('69',)",31.3104000092,1,0,1039.05393915,29,21,2,3.13104000092,29,5,3746540943.73,3746540943.8,3652647165.95,44.52757,-125.38075,0.0,34.6344665651,29,21,internal_timestamp,2466.7199707,29,21,954241,1443658365,1.74349999428,29,29,3652647165.95
"('70',)",31.3113994598,1,0,1039.06760547,29,21,2,3.13113994598,29,5,3746540943.73,3746540943.8,3652647176.96,44.52757,-125.38075,0.0,34.6344534799,29,21,internal_timestamp,2469.77001953,29,21,958575,1443658376,1.74329996109,29,29,3652647176.96
"('71',)",31.3120002747,1,0,1039.08152901,29,21,2,3.13120002747,29,5,3746540943.73,3746540943.8,3652647188.02,44.52757,-125.38075,0.0,34.6347021166,29,21,internal_timestamp,2472.81005859,29,21,16357,1443658388,1.74240005016,29,29,3652647188.02
"('72',)",31.3124008179,1,0,1039.09539761,29,21,2,3.13124008179,29,5,3746540943.73,3746540943.8,3652647198.96,44.52757,-125.38075,0.0,34.6348064522,29,21,internal_timestamp,2475.86010742,29,21,956124,1443658398,1.74140000343,29,29,3652647198.96
"('73',)",31.3138008118,1,0,1039.10875508,29,21,2,3.13138008118,29,5,3746540943.73,3746540943.8,3652647209.96,44.52757,-125.38075,0.0,34.634777522,29,21,internal_timestamp,2478.86010742,29,21,959868,1443658409,1.74170005322,29,29,3652647209.96
"('74',)",31.3148994446,1,0,1039.12222081,29,21,2,3.13148994446,29,5,3746540943.73,3746540943.8,3652647220.96,44.52757,-125.38075,0.0,34.6345675894,29,21,internal_timestamp,2481.90991211,29,21,964354,1443658420,1.7417999506,29,29,3652647220.96
"('75',)",31.3159999847,1,0,1039.13634111,29,21,2,3.13159999847,29,5,3746540943.73,3746540943.8,3652647231.97,44.52757,-125.38075,0.0,34.6348752203,29,21,internal_timestamp,2485.0,29,21,968020,1443658431,1.74140000343,29,29,3652647231.97
"('76',)",31.3171005249,1,0,1039.15045104,29,21,2,3.13171005249,29,5,3746540943.73,3746540943.8,3652647242.96,44.52757,-125.38075,0.0,34.6354208198,29,21,internal_timestamp,2488.04003906,29,21,961513,1443658442,1.74080002308,29,29,3652647242.96
"('77',)",31.3176994324,1,0,1039.16386552,29,21,2,3.13176994324,29,5,3746540943.73,3746540943.8,3652647253.97,44.52757,-125.38075,0.0,34.635018479,29,21,internal_timestamp,2491.10009766,29,21,966268,1443658453,1.7404999733,29,29,3652647253.97
"('78',)",31.3187007904,1,0,1039.17736472,29,21,2,3.13187007904,29,5,3746540943.73,3746540943.8,3652647264.97,44.52757,-125.38075,0.0,34.6350293413,29,21,internal_timestamp,2494.11010742,29,21,968981,1443658464,1.74030005932,29,29,3652647264.97
"('79',)",31.3192996979,1,0,1039.19132214,29,21,2,3.13192996979,29,5,3746540943.73,3746540943.8,3652647275.96,44.52757,-125.38075,0.0,34.63527363,29,21,internal_timestamp,2497.15991211,29,21,962927,1443658475,1.73940002918,29,29,3652647275.96
"('80',)",31.3199005127,1,0,1039.2052252,29,21,2,3.13199005127,29,5,3746540943.73,3746540943.8,3652647286.97,44.52757,-125.38075,0.0,34.6354088285,29,21,internal_timestamp,2500.2199707,29,21,967420,1443658486,1.73860001564,29,29,3652647286.97
"('81',)",31.3204994202,1,0,1039.21966516,29,21,2,3.13204994202,29,5,3746540943.73,3746540943.8,3652647297.97,44.52757,-125.38075,0.0,34.6358339391,29,21,internal_timestamp,2503.34008789,29,21,971178,1443658497,1.73749995232,29,29,3652647297.97
"('82',)",31.3209991455,1,0,1039.23345296,29,21,2,3.13209991455,29,5,3746540943.73,3746540943.81,3652647308.97,44.52757,-125.38075,0.0,34.6357289125,29,21,internal_timestamp,2506.41992188,29,21,966537,1443658508,1.73679995537,29,29,3652647308.97
"('83',)",31.3222007751,1,0,1039.2476504,29,21,2,3.13222007751,29,5,3746540943.73,3746540943.81,3652647320.0,44.52757,-125.38075,0.0,34.6360473103,29,21,internal_timestamp,2509.5300293,29,21,995347,1443658519,1.7365000248,29,29,3652647320.0
"('84',)",31.323600769,1,0,1039.26118087,29,21,2,3.1323600769,29,5,3746540943.73,3746540943.81,3652647330.98,44.52757,-125.38075,0.0,34.6361192557,29,21,internal_timestamp,2512.55004883,29,21,975408,1443658530,1.73670005798,29,29,3652647330.98
"('85',)",31.3248004913,1,0,1039.27448628,29,21,2,3.13248004913,29,5,3746540943.73,3746540943.81,3652647341.97,44.52757,-125.38075,0.0,34.6357120918,29,21,internal_timestamp,2515.61010742,29,21,969451,1443658541,1.73710000515,29,29,3652647341.97
"('86',)",31.3264007568,1,0,1039.2883306,29,21,2,3.13264007568,29,5,3746540943.73,3746540943.81,3652647352.97,44.52757,-125.38075,0.0,34.6360172761,29,21,internal_timestamp,2518.65991211,29,21,973799,1443658552,1.73730003834,29,29,3652647352.97
"('87',)",31.3274993896,1,0,1039.30206673,29,21,2,3.13274993896,29,5,3746540943.73,3746540943.81,3652647363.98,44.52757,-125.38075,0.0,34.6360155775,29,21,internal_timestamp,2521.72998047,29,21,979263,1443658563,1.73720002174,29,29,3652647363.98
"('88',)",31.3285007477,1,0,1039.31578088,29,21,2,3.13285007477,29,5,3746540943.73,3746540943.81,3652647374.97,44.52757,-125.38075,0.0,34.6361223399,29,21,internal_timestamp,2524.77001953,29,21,972757,1443658574,1.73689997196,29,29,3652647374.97
"('89',)",31.3283004761,1,0,1039.32994024,29,21,2,3.13283004761,29,5,3746540943.73,3746540943.81,3652647385.98,44.52757,-125.38075,0.0,34.6364531919,29,21,internal_timestamp,2527.82006836,29,21,976680,1443658585,1.73500001431,29,29,3652647385.98
"('90',)",31.3286991119,1,0,1039.34396731,29,21,2,3.13286991119,29,5,3746540943.73,3746540943.81,3652647396.98,44.52757,-125.38075,0.0,34.6368956456,29,21,internal_timestamp,2530.84008789,29,21,979255,1443658596,1.733700037,29,29,3652647396.98
"('91',)",31.3295001984,1,0,1039.35737228,29,21,2,3.13295001984,29,5,3746540943.73,3746540943.81,3652647407.97,44.52757,-125.38075,0.0,34.6365335057,29,21,internal_timestamp,2533.89990234,29,21,972824,1443658607,1.73360002041,29,29,3652647407.97
"('92',)",31.32970047,1,0,1039.37139299,29,21,2,3.132970047,29,5,3746540943.73,3746540943.81,3652647418.98,44.52757,-125.38075,0.0,34.6369458417,29,21,internal_timestamp,2536.91992188,29,21,978101,1443658618,1.73210000992,29,29,3652647418.98
"('93',)",31.3300991058,1,0,1039.3857932,29,21,2,3.13300991058,29,5,3746540943.73,3746540943.81,3652647429.98,44.52757,-125.38075,0.0,34.6374627277,29,21,internal_timestamp,2540.01000977,29,21,980293,1443658629,1.73070001602,29,29,3652647429.98
"('94',)",31.3313999176,1,0,1039.39933501,29,21,2,3.13313999176,29,5,3746540943.73,3746540943.81,3652647440.99,44.52757,-125.38075,0.0,34.6374014059,29,21,internal_timestamp,2543.06005859,29,21,988490,1443658640,1.73090004921,29,29,3652647440.99
"('95',)",31.3327007294,1,0,1039.41233085,29,21,2,3.13327007294,29,5,3746540943.73,3746540943.81,3652647451.98,44.52757,-125.38075,0.0,34.636694933,29,21,internal_timestamp,2546.12011719,29,21,975577,1443658651,1.73169994354,29,29,3652647451.98
"('96',)",31.3339004517,1,0,1039.42681643,29,21,2,3.13339004517,29,5,3746540943.73,3746540943.81,3652647462.98,44.52757,-125.38075,0.0,34.6374521679,29,21,internal_timestamp,2549.20996094,29,21,978972,1443658662,1.73099994659,29,29,3652647462.98
"('97',)",31.3344993591,1,0,1039.44051847,29,21,2,3.13344993591,29,5,3746540943.73,3746540943.81,3652647473.98,44.52757,-125.38075,0.0,34.6374931728,29,21,internal_timestamp,2552.25,29,21,983766,1443658673,1.73029994965,29,29,3652647473.98
"('98',)",31.335100174,1,0,1039.45401046,29,21,2,3.1335100174,29,5,3746540943.73,3746540943.81,3652647484.99,44.52757,-125.38075,0.0,34.6372068635,29,21,internal_timestamp,2555.31005859,29,21,986224,1443658684,1.72990000248,29,29,3652647484.99
"('99',)",31.3355007172,1,0,1039.46838415,29,21,2,3.13355007172,29,5,3746540943.73,3746540943.81,3652647495.99,44.52757,-125.38075,0.0,34.6378490821,29,21,internal_timestamp,2558.37011719,29,21,989372,1443658695,1.72839999199,29,29,3652647495.99
"('100',)",31.3360004425,1,0,1039.48219279,29,21,2,3.13360004425,29,5,3746540943.73,3746540943.81,3652647506.98,44.52757,-125.38075,0.0,34.6377452007,29,21,internal_timestamp,2561.45996094,29,21,984098,1443658706,1.72769999504,29,29,3652647506.98
"('101',)",31.3372001648,1,0,1039.4962762,29,21,2,3.13372001648,29,5,3746540943.73,3746540943.81,3652647517.99,44.52757,-125.38075,0.0,34.6383140257,29,21,internal_timestamp,2564.5,29,21,987061,1443658717,1.72720003128,29,29,3652647517.99
"('102',)",31.3372001648,1,0,1039.50994394,29,21,2,3.13372001648,29,5,3746540943.73,3746540943.81,3652647528.99,44.52757,-125.38075,0.0,34.6382643306,29,21,internal_timestamp,2567.5300293,29,21,991425,1443658728,1.72590005398,29,29,3652647528.99
"('103',)",31.3379993439,1,0,1039.52377909,29,21,2,3.13379993439,29,5,3746540943.73,3746540943.81,3652647539.98,44.52757,-125.38075,0.0,34.6384425247,29,21,internal_timestamp,2570.58007812,29,21,984893,1443658739,1.72529995441,29,29,3652647539.98
"('104',)",31.3388004303,1,0,1039.53746896,29,21,2,3.13388004303,29,5,3746540943.73,3746540943.81,3652647550.99,44.52757,-125.38075,0.0,34.6381676238,29,21,internal_timestamp,2573.68994141,29,21,990839,1443658750,1.72510004044,29,29,3652647550.99
"('105',)",31.3393993378,1,0,1039.55163973,29,21,2,3.13393993378,29,5,3746540943.73,3746540943.81,3652647561.98,44.52757,-125.38075,0.0,34.6386289442,29,21,internal_timestamp,2576.75,29,21,984273,1443658761,1.72399997711,29,29,3652647561.98
"('106',)",31.3393001556,1,0,1039.56587842,29,21,2,3.13393001556,29,5,3746540943.73,3746540943.81,3652647572.99,44.52757,-125.38075,0.0,34.6390895845,29,21,internal_timestamp,2579.80004883,29,21,991225,1443658772,1.72210001945,29,29,3652647572.99
"('107',)",31.339799881,1,0,1039.57949548,29,21,2,3.1339799881,29,5,3746540943.73,3746540943.81,3652647583.99,44.52757,-125.38075,0.0,34.6391278762,29,21,internal_timestamp,2582.82006836,29,21,988132,1443658783,1.72130000591,29,29,3652647583.99
"('108',)",31.3407001495,1,0,1039.59328646,29,21,2,3.13407001495,29,5,3746540943.73,3746540943.81,3652647594.99,44.52757,-125.38075,0.0,34.6393299987,29,21,internal_timestamp,2585.86010742,29,21,990948,1443658794,1.72080004215,29,29,3652647594.99
"('109',)",31.3414001465,1,0,1039.60734008,29,21,2,3.13414001465,29,5,3746540943.73,3746540943.82,3652647606.0,44.52757,-125.38075,0.0,34.6395872968,29,21,internal_timestamp,2588.93994141,29,21,995817,1443658805,1.72000002861,29,29,3652647606.0
"('110',)",31.3421993256,1,0,1039.62117128,29,21,2,3.13421993256,29,5,3746540943.73,3746540943.82,3652647616.99,44.52757,-125.38075,0.0,34.639767589,29,21,internal_timestamp,2591.98999023,29,21,990510,1443658816,1.71940004826,29,29,3652647616.99
"('111',)",31.3433990479,1,0,1039.63452373,29,21,2,3.13433990479,29,5,3746540943.73,3746540943.82,3652647627.99,44.52757,-125.38075,0.0,34.6395969023,29,21,internal_timestamp,2595.02001953,29,21,994549,1443658827,1.71959996223,29,29,3652647627.99
"('112',)",31.3444004059,1,0,1039.6482142,29,21,2,3.13444004059,29,5,3746540943.73,3746540943.82,3652647639.0,44.52757,-125.38075,0.0,34.6397112185,29,21,internal_timestamp,2598.06005859,29,21,998410,1443658838,1.71930003166,29,29,3652647639.0
"('113',)",31.3453006744,1,0,1039.6615543,29,21,2,3.13453006744,29,5,3746540943.73,3746540943.82,3652647649.99,44.52757,-125.38075,0.0,34.6393763223,29,21,internal_timestamp,2601.11010742,29,21,992666,1443658849,1.71930003166,29,29,3652647649.99
"('114',)",31.3467998505,1,0,1039.67523329,29,21,2,3.13467998505,29,5,3746540943.73,3746540943.82,3652647661.0,44.52757,-125.38075,0.0,34.639570878,29,21,internal_timestamp,2604.14990234,29,21,995874,1443658860,1.71949994564,29,29,3652647661.0
"('115',)",31.3479003906,1,0,1039.68887872,29,21,2,3.13479003906,29,5,3746540943.73,3746540943.82,3652647672.0,44.52757,-125.38075,0.0,34.6397062735,29,21,internal_timestamp,2607.17993164,29,21,262,1443658872,1.71930003166,29,29,3652647672.0
"('116',)",31.3486995697,1,0,1039.70269056,29,21,2,3.13486995697,29,5,3746540943.73,3746540943.82,3652647683.0,44.52757,-125.38075,0.0,34.6397723581,29,21,internal_timestamp,2610.25,29,21,995848,1443658882,1.71879994869,29,29,3652647683.0
"('117',)",31.3493003845,1,0,1039.71646538,29,21,2,3.13493003845,29,5,3746540943.73,3746540943.82,3652647694.0,44.52757,-125.38075,0.0,34.639812627,29,21,internal_timestamp,2613.31005859,29,21,2103,1443658894,1.71809995174,29,29,3652647694.0
"('118',)",31.35090065,1,0,1039.730281,29,21,2,3.135090065,29,5,3746540943.73,3746540943.82,3652647705.0,44.52757,-125.38075,0.0,34.6401279989,29,21,internal_timestamp,2616.36010742,29,21,996465,1443658904,1.71829998493,29,29,3652647705.0
"('119',)",31.3511009216,1,0,1039.7444664,29,21,2,3.13511009216,29,5,3746540943.73,3746540943.82,3652647716.0,44.52757,-125.38075,0.0,34.6406461002,29,21,internal_timestamp,2619.39990234,29,21,2784,1443658916,1.71669995785,29,29,3652647716.0
"('120',)",31.3518009186,1,0,1039.75768225,29,21,2,3.13518009186,29,5,3746540943.73,3746540943.82,3652647727.01,44.52757,-125.38075,0.0,34.6402944813,29,21,internal_timestamp,2622.41992188,29,21,6797,1443658927,1.71650004387,29,29,3652647727.01
"('121',)",31.3530006409,1,0,1039.77150164,29,21,2,3.13530006409,29,5,3746540943.73,3746540943.82,3652647738.0,44.52757,-125.38075,0.0,34.640544614,29,21,internal_timestamp,2625.4699707,29,21,999911,1443658937,1.71630001068,29,29,3652647738.0
"('122',)",31.3537998199,1,0,1039.78497563,29,21,2,3.13537998199,29,5,3746540943.73,3746540943.82,3652647749.0,44.52757,-125.38075,0.0,34.6402970289,29,21,internal_timestamp,2628.5300293,29,21,4040,1443658949,1.71609997749,29,29,3652647749.0
"('123',)",31.3551998138,1,0,1039.79877494,29,21,2,3.13551998138,29,5,3746540943.73,3746540943.82,3652647760.01,44.52757,-125.38075,0.0,34.6404646764,29,21,internal_timestamp,2631.60009766,29,21,6681,1443658960,1.71619999409,29,29,3652647760.01
"('124',)",31.3561992645,1,0,1039.81270805,29,21,2,3.13561992645,29,5,3746540943.73,3746540943.82,3652647771.01,44.52757,-125.38075,0.0,34.6409056597,29,21,internal_timestamp,2634.62988281,29,21,10179,1443658971,1.71560001373,29,29,3652647771.01
"('125',)",31.357000351,1,0,1039.82600243,29,21,2,3.1357000351,29,5,3746540943.73,3746540943.82,3652647782.0,44.52757,-125.38075,0.0,34.6405640968,29,21,internal_timestamp,2637.66992188,29,21,3480,1443658982,1.71549999714,29,29,3652647782.0
"('126',)",31.3586006165,1,0,1039.83967422,29,21,2,3.13586006165,29,5,3746540943.73,3746540943.82,3652647793.01,44.52757,-125.38075,0.0,34.6407799798,29,21,internal_timestamp,2640.70996094,29,21,7110,1443658993,1.71580004692,29,29,3652647793.01
"('127',)",31.3596992493,1,0,1039.8534086,29,21,2,3.13596992493,29,5,3746540943.73,3746540943.82,3652647804.01,44.52757,-125.38075,0.0,34.6410237503,29,21,internal_timestamp,2643.73999023,29,21,12048,1443659004,1.71549999714,29,29,3652647804.01
"('128',)",31.3609008789,1,0,1039.86649976,29,21,2,3.13609008789,29,5,3746540943.73,3746540943.82,3652647815.03,44.52757,-125.38075,0.0,34.6405359917,29,21,internal_timestamp,2646.7800293,29,21,34447,1443659015,1.7159999609,29,29,3652647815.03
"('129',)",31.3623008728,1,0,1039.88017248,29,21,2,3.13623008728,29,5,3746540943.73,3746540943.82,3652647826.03,44.52757,-125.38075,0.0,34.6407197416,29,21,internal_timestamp,2649.82006836,29,21,31078,1443659026,1.71609997749,29,29,3652647826.03
"('130',)",31.3633003235,1,0,1039.89371169,29,21,2,3.13633003235,29,5,3746540943.73,3746540943.82,3652647837.01,44.52757,-125.38075,0.0,34.6407355879,29,21,internal_timestamp,2652.85009766,29,21,13969,1443659037,1.71589994431,29,29,3652647837.01
"('131',)",31.3645000458,1,0,1039.90767129,29,21,2,3.13645000458,29,5,3746540943.73,3746540943.82,3652647848.01,44.52757,-125.38075,0.0,34.6408538528,29,21,internal_timestamp,2655.95996094,29,21,14386,1443659048,1.71580004692,29,29,3652647848.01
"('132',)",31.3654994965,1,0,1039.92111143,29,21,2,3.13654994965,29,5,3746540943.73,3746540943.82,3652647859.02,44.52757,-125.38075,0.0,34.6407636039,29,21,internal_timestamp,2658.98999023,29,21,18276,1443659059,1.71570003033,29,29,3652647859.02
"('133',)",31.366399765,1,0,1039.93501056,29,21,2,3.1366399765,29,5,3746540943.73,3746540943.82,3652647870.01,44.52757,-125.38075,0.0,34.6409596833,29,21,internal_timestamp,2662.06005859,29,21,8708,1443659070,1.71519994736,29,29,3652647870.01
"('134',)",31.3673992157,1,0,1039.9487678,29,21,2,3.13673992157,29,5,3746540943.73,3746540943.82,3652647881.01,44.52757,-125.38075,0.0,34.6410693007,29,21,internal_timestamp,2665.12011719,29,21,10144,1443659081,1.71490001678,29,29,3652647881.01
"('135',)",31.3684005737,1,0,1039.96250059,29,21,2,3.13684005737,29,5,3746540943.73,3746540943.82,3652647892.01,44.52757,-125.38075,0.0,34.6413027076,29,21,internal_timestamp,2668.14990234,29,21,11656,1443659092,1.71449995041,29,29,3652647892.01
"('136',)",31.369600296,1,0,1039.9762449,29,21,2,3.1369600296,29,5,3746540943.73,3746540943.82,3652647903.01,44.52757,-125.38075,0.0,34.6416830872,29,21,internal_timestamp,2671.15991211,29,21,14861,1443659103,1.71420001984,29,29,3652647903.01
"('137',)",31.3705005646,1,0,1039.98958663,29,21,2,3.13705005646,29,5,3746540943.73,3746540943.82,3652647914.02,44.52757,-125.38075,0.0,34.6414723388,29,21,internal_timestamp,2674.18994141,29,21,19364,1443659114,1.71410000324,29,29,3652647914.02
"('138',)",31.3717002869,1,0,1040.00297923,29,21,2,3.13717002869,29,5,3746540943.73,3746540943.82,3652647925.01,44.52757,-125.38075,0.0,34.6414218277,29,21,internal_timestamp,2677.20996094,29,21,11692,1443659125,1.71420001984,29,29,3652647925.01
"('139',)",31.3722991943,1,0,1040.01669876,29,21,2,3.13722991943,29,5,3746540943.73,3746540943.82,3652647936.02,44.52757,-125.38075,0.0,34.6414715736,29,21,internal_timestamp,2680.26000977,29,21,17152,1443659136,1.71350002289,29,29,3652647936.02
"('140',)",31.3733005524,1,0,1040.03034786,29,21,2,3.13733005524,29,5,3746540943.73,3746540943.82,3652647947.02,44.52757,-125.38075,0.0,34.6417158511,29,21,internal_timestamp,2683.27001953,29,21,23072,1443659147,1.71309995651,29,29,3652647947.02
"('141',)",31.3745002747,1,0,1040.04441625,29,21,2,3.13745002747,29,5,3746540943.73,3746540943.82,3652647958.02,44.52757,-125.38075,0.0,34.6420601362,29,21,internal_timestamp,2686.36010742,29,21,17287,1443659158,1.71280002594,29,29,3652647958.02
"('142',)",31.3756999969,1,0,1040.05749575,29,21,2,3.13756999969,29,5,3746540943.73,3746540943.82,3652647969.03,44.52757,-125.38075,0.0,34.6415748596,29,21,internal_timestamp,2689.39990234,29,21,28996,1443659169,1.7132999897,29,29,3652647969.03
"('143',)",31.3768997192,1,0,1040.07135847,29,21,2,3.13768997192,29,5,3746540943.73,3746540943.82,3652647980.02,44.52757,-125.38075,0.0,34.6419433066,29,21,internal_timestamp,2692.43994141,29,21,18501,1443659180,1.71300005913,29,29,3652647980.02
"('144',)",31.3777999878,1,0,1040.08501444,29,21,2,3.13777999878,29,5,3746540943.73,3746540943.82,3652647991.02,44.52757,-125.38075,0.0,34.6419341802,29,21,internal_timestamp,2695.5,29,21,24750,1443659191,1.71270000935,29,29,3652647991.02
"('145',)",31.3785991669,1,0,1040.09867049,29,21,2,3.13785991669,29,5,3746540943.73,3746540943.82,3652648002.02,44.52757,-125.38075,0.0,34.6419076627,29,21,internal_timestamp,2698.56005859,29,21,18958,1443659202,1.71229994297,29,29,3652648002.02
"('146',)",31.3798007965,1,0,1040.11241062,29,21,2,3.13798007965,29,5,3746540943.73,3746540943.82,3652648013.02,44.52757,-125.38075,0.0,34.6422935006,29,21,internal_timestamp,2701.57006836,29,21,24200,1443659213,1.7120000124,29,29,3652648013.02
"('147',)",31.3810005188,1,0,1040.12584625,29,21,2,3.13810005188,29,5,3746540943.73,3746540943.82,3652648024.03,44.52757,-125.38075,0.0,34.6420045311,29,21,internal_timestamp,2704.64990234,29,21,30565,1443659224,1.71229994297,29,29,3652648024.03
"('148',)",31.3824005127,1,0,1040.13934354,29,21,2,3.13824005127,29,5,3746540943.73,3746540943.82,3652648035.02,44.52757,-125.38075,0.0,34.6422131467,29,21,internal_timestamp,2707.64990234,29,21,24939,1443659235,1.71239995956,29,29,3652648035.02
"('149',)",31.383600235,1,0,1040.15294985,29,21,2,3.1383600235,29,5,3746540943.73,3746540943.82,3652648046.03,44.52757,-125.38075,0.0,34.6422588029,29,21,internal_timestamp,2710.69995117,29,21,29797,1443659246,1.71239995956,29,29,3652648046.03
"('150',)",31.3848991394,1,0,1040.16661003,29,21,2,3.13848991394,29,5,3746540943.73,3746540943.82,3652648057.02,44.52757,-125.38075,0.0,34.6424315448,29,21,internal_timestamp,2713.73999023,29,21,23844,1443659257,1.71239995956,29,29,3652648057.02
"('151',)",31.3857002258,1,0,1040.18024802,29,21,2,3.13857002258,29,5,3746540943.73,3746540943.82,3652648068.03,44.52757,-125.38075,0.0,34.6422931218,29,21,internal_timestamp,2716.82006836,29,21,28717,1443659268,1.71210002899,29,29,3652648068.03
"('152',)",31.3868999481,1,0,1040.19399024,29,21,2,3.13868999481,29,5,3746540943.73,3746540943.82,3652648079.02,44.52757,-125.38075,0.0,34.6424418703,29,21,internal_timestamp,2719.87988281,29,21,24940,1443659279,1.7120000124,29,29,3652648079.02
"('153',)",31.3880996704,1,0,1040.20745527,29,21,2,3.13880996704,29,5,3746540943.73,3746540943.82,3652648090.03,44.52757,-125.38075,0.0,34.6423868315,29,21,internal_timestamp,2722.91992188,29,21,29547,1443659290,1.71210002899,29,29,3652648090.03
"('154',)",31.3892993927,1,0,1040.22118877,29,21,2,3.13892993927,29,5,3746540943.73,3746540943.82,3652648101.03,44.52757,-125.38075,0.0,34.6427729301,29,21,internal_timestamp,2725.92993164,29,21,32356,1443659301,1.71179997921,29,29,3652648101.03
"('155',)",31.3906993866,1,0,1040.23492677,29,21,2,3.13906993866,29,5,3746540943.73,3746540943.82,3652648112.03,44.52757,-125.38075,0.0,34.6429556028,29,21,internal_timestamp,2728.98999023,29,21,33812,1443659312,1.7118999958,29,29,3652648112.03
"('156',)",31.3913993835,1,0,1040.2481625,29,21,2,3.13913993835,29,5,3746540943.73,3746540943.82,3652648123.04,44.52757,-125.38075,0.0,34.6426113235,29,21,internal_timestamp,2732.02001953,29,21,36498,1443659323,1.71169996262,29,29,3652648123.04
"('157',)",31.3924007416,1,0,1040.26150767,29,21,2,3.13924007416,29,5,3746540943.73,3746540943.82,3652648134.03,44.52757,-125.38075,0.0,34.6425409064,29,21,internal_timestamp,2735.0300293,29,21,31414,1443659334,1.71159994602,29,29,3652648134.03
"('158',)",31.3938007355,1,0,1040.2753417,29,21,2,3.13938007355,29,5,3746540943.73,3746540943.82,3652648145.03,44.52757,-125.38075,0.0,34.6428312254,29,21,internal_timestamp,2738.09008789,29,21,34310,1443659345,1.71159994602,29,29,3652648145.03
"('159',)",31.3950004578,1,0,1040.2890633,29,21,2,3.13950004578,29,5,3746540943.73,3746540943.82,3652648156.04,44.52757,-125.38075,0.0,34.6428661829,29,21,internal_timestamp,2741.16992188,29,21,37303,1443659356,1.71159994602,29,29,3652648156.04
"('160',)",31.3960990906,1,0,1040.3028755,29,21,2,3.13960990906,29,5,3746540943.73,3746540943.82,3652648167.04,44.52757,-125.38075,0.0,34.6432269321,29,21,internal_timestamp,2744.19995117,29,21,40030,1443659367,1.71119999886,29,29,3652648167.04
"('161',)",31.3967990875,1,0,1040.31640199,29,21,2,3.13967990875,29,5,3746540943.73,3746540943.82,3652648178.03,44.52757,-125.38075,0.0,34.6432041746,29,21,internal_timestamp,2747.22998047,29,21,32834,1443659378,1.7107000351,29,29,3652648178.03
"('162',)",31.3980007172,1,0,1040.32968375,29,21,2,3.13980007172,29,5,3746540943.73,3746540943.82,3652648189.04,44.52757,-125.38075,0.0,34.643057223,29,21,internal_timestamp,2750.25,29,21,38285,1443659389,1.71089994907,29,29,3652648189.04
"('163',)",31.39909935,1,0,1040.34306168,29,21,2,3.139909935,29,5,3746540943.73,3746540943.82,3652648200.04,44.52757,-125.38075,0.0,34.6429970735,29,21,internal_timestamp,2753.27001953,29,21,41558,1443659400,1.71089994907,29,29,3652648200.04
"('164',)",31.4004993439,1,0,1040.35647555,29,21,2,3.14004993439,29,5,3746540943.73,3746540943.82,3652648211.05,44.52757,-125.38075,0.0,34.6429833645,29,21,internal_timestamp,2756.30004883,29,21,51609,1443659411,1.71119999886,29,29,3652648211.05
"('165',)",31.4020996094,1,0,1040.37004031,29,21,2,3.14020996094,29,5,3746540943.73,3746540943.82,3652648222.04,44.52757,-125.38075,0.0,34.6432210365,29,21,internal_timestamp,2759.32006836,29,21,39501,1443659422,1.71150004864,29,29,3652648222.04
"('166',)",31.4030990601,1,0,1040.38345986,29,21,2,3.14030990601,29,5,3746540943.73,3746540943.82,3652648233.04,44.52757,-125.38075,0.0,34.6431418125,29,21,internal_timestamp,2762.35009766,29,21,42211,1443659433,1.71140003204,29,29,3652648233.04
"('167',)",31.4039001465,1,0,1040.3972994,29,21,2,3.14039001465,29,5,3746540943.73,3746540943.82,3652648244.05,44.52757,-125.38075,0.0,34.6433380854,29,21,internal_timestamp,2765.40991211,29,21,45118,1443659444,1.71080005169,29,29,3652648244.05
"('168',)",31.4051990509,1,0,1040.4103116,29,21,2,3.14051990509,29,5,3746540943.73,3746540943.82,3652648255.05,44.52757,-125.38075,0.0,34.643118157,29,21,internal_timestamp,2768.38989258,29,21,46813,1443659455,1.71119999886,29,29,3652648255.05
"('169',)",31.4060001373,1,0,1040.42434688,29,21,2,3.14060001373,29,5,3746540943.73,3746540943.82,3652648266.04,44.52757,-125.38075,0.0,34.6435282329,29,21,internal_timestamp,2771.44995117,29,21,38606,1443659466,1.71039998531,29,29,3652648266.04
"('170',)",31.4074001312,1,0,1040.43793653,29,21,2,3.14074001312,29,5,3746540943.73,3746540943.83,3652648277.04,44.52757,-125.38075,0.0,34.6436137446,29,21,internal_timestamp,2774.5,29,21,40524,1443659477,1.7106000185,29,29,3652648277.04
"('171',)",31.4085998535,1,0,1040.45144745,29,21,2,3.14085998535,29,5,3746540943.73,3746540943.83,3652648288.04,44.52757,-125.38075,0.0,34.6436758423,29,21,internal_timestamp,2777.5300293,29,21,41801,1443659488,1.7106000185,29,29,3652648288.04
"('172',)",31.4097995758,1,0,1040.46468017,29,21,2,3.14097995758,29,5,3746540943.73,3746540943.83,3652648299.04,44.52757,-125.38075,0.0,34.6435343329,29,21,internal_timestamp,2780.54003906,29,21,44709,1443659499,1.71080005169,29,29,3652648299.04
"('173',)",31.4111995697,1,0,1040.47814551,29,21,2,3.14111995697,29,5,3746540943.73,3746540943.83,3652648310.05,44.52757,-125.38075,0.0,34.6436349397,29,21,internal_timestamp,2783.56005859,29,21,49782,1443659510,1.71099996567,29,29,3652648310.05
"('174',)",31.4118003845,1,0,1040.49176511,29,21,2,3.14118003845,29,5,3746540943.73,3746540943.83,3652648321.05,44.52757,-125.38075,0.0,34.6437076213,29,21,internal_timestamp,2786.59008789,29,21,45613,1443659521,1.71029996872,29,29,3652648321.05
"('175',)",31.4127998352,1,0,1040.50478077,29,21,2,3.14127998352,29,5,3746540943.73,3746540943.83,3652648332.05,44.52757,-125.38075,0.0,34.6434413792,29,21,internal_timestamp,2789.57006836,29,21,47015,1443659532,1.71039998531,29,29,3652648332.05
"('176',)",31.4139003754,1,0,1040.51857717,29,21,2,3.14139003754,29,5,3746540943.73,3746540943.83,3652648343.05,44.52757,-125.38075,0.0,34.6436934969,29,21,internal_timestamp,2792.62011719,29,21,51024,1443659543,1.71010005474,29,29,3652648343.05
"('177',)",31.4153003693,1,0,1040.53232482,29,21,2,3.14153003693,29,5,3746540943.73,3746540943.83,3652648354.05,44.52757,-125.38075,0.0,34.6439992674,29,21,internal_timestamp,2795.65991211,29,21,54779,1443659554,1.71010005474,29,29,3652648354.05
"('178',)",31.4162998199,1,0,1040.5458434,29,21,2,3.14162998199,29,5,3746540943.73,3746540943.83,3652648365.05,44.52757,-125.38075,0.0,34.6440305222,29,21,internal_timestamp,2798.68994141,29,21,46427,1443659565,1.70990002155,29,29,3652648365.05
"('179',)",31.4174003601,1,0,1040.55944212,29,21,2,3.14174003601,29,5,3746540943.73,3746540943.83,3652648376.05,44.52757,-125.38075,0.0,34.6440704852,29,21,internal_timestamp,2801.73999023,29,21,48023,1443659576,1.70980000496,29,29,3652648376.05
"('180',)",31.4185009003,1,0,1040.57285235,29,21,2,3.14185009003,29,5,3746540943.73,3746540943.83,3652648387.05,44.52757,-125.38075,0.0,34.6442499926,29,21,internal_timestamp,2804.7199707,29,21,49607,1443659587,1.70959997177,29,29,3652648387.05
"('181',)",31.4197006226,1,0,1040.58612859,29,21,2,3.14197006226,29,5,3746540943.73,3746540943.83,3652648398.05,44.52757,-125.38075,0.0,34.6441067161,29,21,internal_timestamp,2807.73999023,29,21,50589,1443659598,1.70980000496,29,29,3652648398.05
"('182',)",31.420999527,1,0,1040.59979336,29,21,2,3.1420999527,29,5,3746540943.73,3746540943.83,3652648409.05,44.52757,-125.38075,0.0,34.6444055395,29,21,internal_timestamp,2810.76000977,29,21,52879,1443659609,1.70969998837,29,29,3652648409.05
"('183',)",31.4221992493,1,0,1040.61315001,29,21,2,3.14221992493,29,5,3746540943.73,3746540943.83,3652648420.05,44.52757,-125.38075,0.0,34.6442535968,29,21,internal_timestamp,2813.80004883,29,21,53652,1443659620,1.70990002155,29,29,3652648420.05
"('184',)",31.4232006073,1,0,1040.62630748,29,21,2,3.14232006073,29,5,3746540943.73,3746540943.83,3652648431.06,44.52757,-125.38075,0.0,34.6440945364,29,21,internal_timestamp,2816.79003906,29,21,55685,1443659631,1.70990002155,29,29,3652648431.06
"('185',)",31.4241008759,1,0,1040.64010218,29,21,2,3.14241008759,29,5,3746540943.73,3746540943.83,3652648442.06,44.52757,-125.38075,0.0,34.6443164168,29,21,internal_timestamp,2819.84008789,29,21,59134,1443659642,1.70940005779,29,29,3652648442.06
"('186',)",31.4256000519,1,0,1040.65360561,29,21,2,3.14256000519,29,5,3746540943.73,3746540943.83,3652648453.06,44.52757,-125.38075,0.0,34.6444318448,29,21,internal_timestamp,2822.87011719,29,21,62227,1443659653,1.70969998837,29,29,3652648453.06
"('187',)",31.426399231,1,0,1040.66677952,29,21,2,3.1426399231,29,5,3746540943.73,3746540943.83,3652648464.07,44.52757,-125.38075,0.0,34.6443540913,29,21,internal_timestamp,2825.84008789,29,21,68726,1443659664,1.70940005779,29,29,3652648464.07
"('188',)",31.4277992249,1,0,1040.68026715,29,21,2,3.14277992249,29,5,3746540943.73,3746540943.83,3652648475.06,44.52757,-125.38075,0.0,34.6443390215,29,21,internal_timestamp,2828.88989258,29,21,55318,1443659675,1.70969998837,29,29,3652648475.06
"('189',)",31.428899765,1,0,1040.69383525,29,21,2,3.1428899765,29,5,3746540943.73,3746540943.83,3652648486.06,44.52757,-125.38075,0.0,34.6445027184,29,21,internal_timestamp,2831.90991211,29,21,59449,1443659686,1.70949995518,29,29,3652648486.06
"('190',)",31.4298992157,1,0,1040.70737092,29,21,2,3.14298992157,29,5,3746540943.73,3746540943.83,3652648497.06,44.52757,-125.38075,0.0,34.6444171507,29,21,internal_timestamp,2834.9699707,29,21,61712,1443659697,1.70940005779,29,29,3652648497.06
"('191',)",31.4311008453,1,0,1040.72103479,29,21,2,3.14311008453,29,5,3746540943.73,3746540943.83,3652648508.06,44.52757,-125.38075,0.0,34.6447057592,29,21,internal_timestamp,2837.98999023,29,21,62676,1443659708,1.7092000246,29,29,3652648508.06
"('192',)",31.4323005676,1,0,1040.73436137,29,21,2,3.14323005676,29,5,3746540943.73,3746540943.83,3652648519.07,44.52757,-125.38075,0.0,34.644677255,29,21,internal_timestamp,2841.0,29,21,66344,1443659719,1.7093000412,29,29,3652648519.07
"('193',)",31.4333992004,1,0,1040.7477128,29,21,2,3.14333992004,29,5,3746540943.73,3746540943.83,3652648530.07,44.52757,-125.38075,0.0,34.6445108681,29,21,internal_timestamp,2844.04003906,29,21,66461,1443659730,1.70940005779,29,29,3652648530.07
"('194',)",31.4347991943,1,0,1040.76140986,29,21,2,3.14347991943,29,5,3746540943.73,3746540943.83,3652648541.07,44.52757,-125.38075,0.0,34.6448264835,29,21,internal_timestamp,2847.07006836,29,21,68082,1443659741,1.70940005779,29,29,3652648541.07
"('195',)",31.4358005524,1,0,1040.77456883,29,21,2,3.14358005524,29,5,3746540943.73,3746540943.83,3652648552.06,44.52757,-125.38075,0.0,34.6444347393,29,21,internal_timestamp,2850.11010742,29,21,60239,1443659752,1.70959997177,29,29,3652648552.06
"('196',)",31.4374008179,1,0,1040.78819542,29,21,2,3.14374008179,29,5,3746540943.73,3746540943.83,3652648563.06,44.52757,-125.38075,0.0,34.6449091596,29,21,internal_timestamp,2853.10009766,29,21,63378,1443659763,1.70969998837,29,29,3652648563.06
"('197',)",31.4386005402,1,0,1040.80150145,29,21,2,3.14386005402,29,5,3746540943.73,3746540943.83,3652648574.07,44.52757,-125.38075,0.0,34.6447665295,29,21,internal_timestamp,2856.12988281,29,21,67260,1443659774,1.70990002155,29,29,3652648574.07
"('198',)",31.4400005341,1,0,1040.81500796,29,21,2,3.14400005341,29,5,3746540943.73,3746540943.83,3652648585.07,44.52757,-125.38075,0.0,34.6446341164,29,21,internal_timestamp,2859.20996094,29,21,71244,1443659785,1.71029996872,29,29,3652648585.07
"('199',)",31.4412994385,1,0,1040.82868645,29,21,2,3.14412994385,29,5,3746540943.73,3746540943.83,3652648596.06,44.52757,-125.38075,0.0,34.6448177675,29,21,internal_timestamp,2862.26000977,29,21,64929,1443659796,1.71029996872,29,29,3652648596.06
"('200',)",31.4423999786,1,0,1040.84206813,29,21,2,3.14423999786,29,5,3746540943.73,3746540943.83,3652648607.07,44.52757,-125.38075,0.0,34.6448876528,29,21,internal_timestamp,2865.26000977,29,21,68682,1443659807,1.71019995213,29,29,3652648607.07
"('201',)",31.4435997009,1,0,1040.85570738,29,21,2,3.14435997009,29,5,3746540943.73,3746540943.83,3652648618.07,44.52757,-125.38075,0.0,34.6450610844,29,21,internal_timestamp,2868.30004883,29,21,73868,1443659818,1.71010005474,29,29,3652648618.07
"('202',)",31.4449005127,1,0,1040.86892862,29,21,2,3.14449005127,29,5,3746540943.73,3746540943.83,3652648629.07,44.52757,-125.38075,0.0,34.6449470638,29,21,internal_timestamp,2871.31005859,29,21,67820,1443659829,1.71039998531,29,29,3652648629.07
"('203',)",31.4463005066,1,0,1040.88275872,29,21,2,3.14463005066,29,5,3746540943.73,3746540943.83,3652648640.07,44.52757,-125.38075,0.0,34.6453673786,29,21,internal_timestamp,2874.35009766,29,21,71110,1443659840,1.71029996872,29,29,3652648640.07
"('204',)",31.4477005005,1,0,1040.89644834,29,21,2,3.14477005005,29,5,3746540943.73,3746540943.83,3652648651.08,44.52757,-125.38075,0.0,34.6456862041,29,21,internal_timestamp,2877.37988281,29,21,75444,1443659851,1.71029996872,29,29,3652648651.08
"('205',)",31.4486999512,1,0,1040.90944378,29,21,2,3.14486999512,29,5,3746540943.73,3746540943.83,3652648662.08,44.52757,-125.38075,0.0,34.6450776225,29,21,internal_timestamp,2880.42993164,29,21,78221,1443659862,1.7107000351,29,29,3652648662.08
"('206',)",31.4498004913,1,0,1040.92304218,29,21,2,3.14498004913,29,5,3746540943.73,3746540943.84,3652648673.07,44.52757,-125.38075,0.0,34.6452420384,29,21,internal_timestamp,2883.45996094,29,21,70362,1443659873,1.71050000191,29,29,3652648673.07
"('207',)",31.4508991241,1,0,1040.93636048,29,21,2,3.14508991241,29,5,3746540943.73,3746540943.84,3652648684.08,44.52757,-125.38075,0.0,34.6452006299,29,21,internal_timestamp,2886.4699707,29,21,75985,1443659884,1.71050000191,29,29,3652648684.08
"('208',)",31.452299118,1,0,1040.95007286,29,21,2,3.1452299118,29,5,3746540943.73,3746540943.84,3652648695.08,44.52757,-125.38075,0.0,34.6454001978,29,21,internal_timestamp,2889.5300293,29,21,79716,1443659895,1.7106000185,29,29,3652648695.08
"('209',)",31.4535999298,1,0,1040.96334677,29,21,2,3.14535999298,29,5,3746540943.73,3746540943.84,3652648706.07,44.52757,-125.38075,0.0,34.6453994418,29,21,internal_timestamp,2892.5300293,29,21,73116,1443659906,1.71080005169,29,29,3652648706.07
"('210',)",31.4547996521,1,0,1040.97684164,29,21,2,3.14547996521,29,5,3746540943.73,3746540943.84,3652648717.08,44.52757,-125.38075,0.0,34.6454739501,29,21,internal_timestamp,2895.56005859,29,21,75572,1443659917,1.71080005169,29,29,3652648717.08
"('211',)",31.456199646,1,0,1040.99047062,29,21,2,3.1456199646,29,5,3746540943.73,3746540943.84,3652648728.08,44.52757,-125.38075,0.0,34.6456838354,29,21,internal_timestamp,2898.60009766,29,21,76864,1443659928,1.71089994907,29,29,3652648728.08
"('212',)",31.4575004578,1,0,1041.00368533,29,21,2,3.14575004578,29,5,3746540943.73,3746540943.84,3652648739.08,44.52757,-125.38075,0.0,34.6455728954,29,21,internal_timestamp,2901.61010742,29,21,79698,1443659939,1.71119999886,29,29,3652648739.08
"('213',)",31.4589004517,1,0,1041.0176226,29,21,2,3.14589004517,29,5,3746540943.73,3746540943.84,3652648750.08,44.52757,-125.38075,0.0,34.6462186509,29,21,internal_timestamp,2904.62988281,29,21,79940,1443659950,1.71089994907,29,29,3652648750.08
"('214',)",31.4603004456,1,0,1041.03094857,29,21,2,3.14603004456,29,5,3746540943.73,3746540943.84,3652648761.08,44.52757,-125.38075,0.0,34.6463458094,29,21,internal_timestamp,2907.62011719,29,21,81382,1443659961,1.71109998226,29,29,3652648761.08
"('215',)",31.4615001678,1,0,1041.04408776,29,21,2,3.14615001678,29,5,3746540943.73,3746540943.84,3652648772.08,44.52757,-125.38075,0.0,34.6459913802,29,21,internal_timestamp,2910.65991211,29,21,84075,1443659972,1.71150004864,29,29,3652648772.08
"('216',)",31.4631004333,1,0,1041.05764417,29,21,2,3.14631004333,29,5,3746540943.73,3746540943.84,3652648783.09,44.52757,-125.38075,0.0,34.6463608176,29,21,internal_timestamp,2913.65991211,29,21,86524,1443659983,1.71169996262,29,29,3652648783.09
"('217',)",31.4643001556,1,0,1041.07097921,29,21,2,3.14643001556,29,5,3746540943.73,3746540943.84,3652648794.08,44.52757,-125.38075,0.0,34.646219924,29,21,internal_timestamp,2916.69995117,29,21,78633,1443659994,1.7118999958,29,29,3652648794.08
"('218',)",31.4652004242,1,0,1041.0811111,29,21,2,3.14652004242,29,5,3746540943.73,3746540943.84,3652648805.09,44.52757,-125.38075,0.0,34.6461590745,29,21,internal_timestamp,2919.0,29,21,86822,1443660005,1.7120000124,29,29,3652648805.09
"('219',)",31.4652004242,1,0,1041.08115186,29,21,2,3.14652004242,29,5,3746540943.73,3746540943.84,3652648816.08,44.52757,-125.38075,0.0,34.6461544608,29,21,internal_timestamp,2919.01000977,29,21,83863,1443660016,1.7120000124,29,29,3652648816.08
